INSERT INTO auditory_media (id, image_url, release_date, name,genre, rating)
VALUES(101, 'https://upload.wikimedia.org/wikipedia/en/9/95/Origins_cover.png', '2018-11-09', 'Origins', 'pop rock', 7);

INSERT INTO auditory_media (id, image_url, release_date, name,genre, rating)
VALUES(102, 'https://upload.wikimedia.org/wikipedia/en/6/68/Jerry_Seinfeld%2C_I%27m_Telling_You_for_the_Last_Time_video_box.jpg', '8/8/1998', 'Im Telling You for the Last Time', 'comedy', 10);

INSERT INTO auditory_media (id, image_url, release_date, name,genre, rating)
VALUES(103, 'https://resizing.flixster.com/4Y1EClZIJXSVyA_8l4BIjAT0h60=/206x305/v1.bTsxMzA1MDYyNjtqOzE4NjAxOzEyMDA7NDI2OzU5Nw', '5/1/2018', 'John Mulaney: Kid Gorgeous at Radio City', 'comedy', 8);

INSERT INTO auditory_media (id, image_url, release_date, name,genre, rating)
VALUES(104, 'https://upload.wikimedia.org/wikipedia/en/5/5f/BTS_-_Dynamite_%28official_cover%29.png', '8/21/2020' , 'Dynamite', 'pop', 8);

INSERT INTO auditory_media(id, image_url, release_date, name,genre, rating)
VALUES(105, 'https://upload.wikimedia.org/wikipedia/en/2/2f/Billie_Eilish_-_Don%27t_Smile_at_Me.png', '8/11/2017', 'Dont Smile at Me', 'eloctropop', 9.5);

INSERT INTO auditory_media(id, image_url, release_date, name,genre, rating)
VALUES(106, 'https://upload.wikimedia.org/wikipedia/en/2/2b/Bruno_Mars_-_24K_Magic_%28Official_Album_Cover%29.png', '8/11/2017', '24K Magic', 'eloctropop', 9.5);

INSERT INTO auditory_media(id, image_url, release_date, name,genre, rating)
VALUES(107, 'data:image/jpeg;base64,/9j/4AAQSkZJRgABAQAAAQABAAD/2wCEAAkGBxMSEhUSEhIVFRUXFRgYGBgVGBcXFxgYGBoXGB4YGBoYHSggGRooHRkaITIiJSkrLi4uFx8zODMtNygtLisBCgoKDg0OGhAQGy0lICYwLy0tLy8tLS0tLS0vLS0tLS01LS0vLS0tLS0tLS0tLS0tLi4tLS0tLS8tKy0tLS0tLf/AABEIAOEA4QMBIgACEQEDEQH/xAAbAAABBQEBAAAAAAAAAAAAAAAAAwQFBgcCAf/EAEcQAAEDAgQDBQQHBQYFBAMAAAECAxEABAUSITEGQVETImFxgTKRobEHFEJSwdHwI2JysuEVFjM1dLMIgqLS8SRVkpMlQ1T/xAAbAQEAAgMBAQAAAAAAAAAAAAAAAwQBAgUGB//EAC8RAAICAQQBAQcDBAMAAAAAAAABAhEDBBIhMUETBSJRYYGh8JGxwTIzNHEGQvH/2gAMAwEAAhEDEQA/ANmooooAooooAooooAooooAooooAooooAooooAooooAooooAooooAooooAooooAooooAooooAooooAooooAooooAooooApljWLNWjK7h9eRtAlR59AAOaiYAHjT2sl+m1w3FzhuGhRCHngVxv3lpaSfQFz30AvZca4ziEu4bh7SLeSEuXKtVwYkd9I84CgDInSlbT6R7u0fRb41Zptw5ol9oktbxr3lAjqQqRIlOtaVbW6G0JbbSEoQkJSkaBKUiAAOgFVj6UcIRdYZcpUJLbankGJKVtAr08wFJ8lGgLWDOo1qhcQcXXi784bhbLS3W0Bb7r+bs2wQCAAkgz3k666mI0JpjwHiV8/gTBsi0bhtRZ/bTl7NtRAGnMIKB6GqhwwrGjieIdgLX6z3RcZ/8PTROSgLzwlxneKxJ3Cr5pkuoRmDlvnyeyhcKC+oV7WmsCDM0izxbiWIPvowpq2Sww4Wy9dFZ7RY+4EbDnsdCCSJipfGxjAZt1Wos/rHZn6yVgxmGUgNn7s5t+cVmf0SKxg2rhw/6r2JuVFfbzPaZG521y5cvxoC24L9KLptL524tQp+yUlKwyVBtedakA96SgApJMzp7qu/CGO/XrNq67JTXaAnIozEKKdDAlJiQY2NQfHL2KMB24sjZi3bYU44lxKy6tSQSvYQe6NNeVPvo3xt29w5m5fy519oDkGVMIcWgQOWiaAs1FZvj/F17dXy8NwgNpU0D29y4MyWyNClIIIkHu7EkyIASTTDiG+xvCEC7eu2b5gKSlxCkJaUMxiUlIB8JBMEg5SJoDV6Khb3idhqx/tBRPY9il0feIWAUpAP2iVBPmapGEO49iaBdIuGsPYXqygNpcWpB2UcySYI5yJ3CQCKA1Gis64c4rvba+ThmLBClOiWLlsZUun7qgABJgjYEEAEHMDWi0AUUUUAUUUUAUUUUAUUUUAUUUUAUUUUAUUUUAVkX0snscXwi5UYR2iUknYBDyCr/AKXK12qz9IXCScTtFMSEuJOdpZmErAIhUfZIJB9DrFAWc1Ace3oZw28cUQIt3Eidsy0lCR6qUB61R8K49vrBAtsTw65WpsBKX2RnDgGgJPskxHeCteYBppiysQ4hWhgWzllYJWFOLdkLcjoCBm30SJE6k6CALJ9B1oW8JaJBHaOOrE9M2QfyTTHgP/PMY82/nVtxe6Vh9q2m1s3LlKC20lpo95KAIzGQSYAHLUnWNTWacP3uJWl9fXqsIuXBdGUoSYUmFSkKIB+yd43FAbQvY+RrL/8Ah3/y57/Vr/2mKtfEvEVzbpaDOGv3BdbUVdmR+yVAhC4B1k6nQaaTVD+ity/w1sWbuFXCu1ugouggIbStLaCVaHbJO4oDS+Mf8vvP9I//ALS6gfoU/wAntfN7/fdo+kHGLoIesrfDn3+2tlpDyI7NKnApBB05DXfp51EfRbeXtqzb4c/hr6Akuy+SOzSFKU4J6mVZd+m9AN/oG7yL91X+Ku67/XZRE/8AMpdWj6QuD7XEG0KunVspt8686VJSAkgZs2YERCQZ5RVVvcMvMGxB+9s7ZV1Z3RzPNNauNrkmQACTBUsggRCiDEA1zxHj99jDRsbLD7i3Q7AefukltKUSCUjlrzgkkSI1mgEvpocaTgtqi0UDb9s0hBScwU2hp3KJ5+yN+YqStMK4kShCU3mH5UpSE907AAD/APT0qfxrgdp7ChhiVQENoDayNnEahagPvGZjksxVWwHjO/w9tNpiGG3TqmkhCHrdJcDiU6CTsTAHeBk8xO4DfEuE8WuLyxdv72w/YvpU2EqUhaoUhakoHZDOqG5jw5VrtZhh2GXuK4hb393bm0tbUlTDLn+KtczmUIBTqEkyB7IABkqrT6AKKKKAKKKKAKKKKAKKKKAKKKKAKKKKAKKKJoCocXXmMNLWuxas3GENZoe7TtVKAJUAEqSOWlVXhbjTG8TbW7aW9iltCgglztZUqASB3+QKSdOe9alfH9k5/Ar+U1mv/Dv/AJc9/q1/7TFAaikmNd+cbUUTURxdjf1KzfusmctIkJ11USEiY+zKgT4A0BL0VknCeFX2L24vXcZuWitSwGrbM0hspURByqTm0jl6mpfgDHrtF/dYTfOi4WwgONvQAVIPZmFdTDiDzIhQk6UBolNsTDpZcFuUB7IezLklAXGmaNYmoD6RuLRhlmXwkLdUoNtJMwVkEyqNcoAJ8dBImarOH8F4tcIFxdYzcMPKAUGmQQ23zCVpStKVHYEAdRJoDmz4lxVjFrXD71dstLyCsllChplc0lUEEKR02rQ8bu1s27zrbZdWhtaktiZWpIJCRGuvhrWP2bl5/eOxZvsqnmWnEB1GiXkFt9aXIgQdSD4pNaVxbhl+8UKsr4WoSlWZJZQ5nVunVWw5evOgOPo9x65vbTtru37BztFJAAUkLSAkhYSvvJEkjUn2as1UL6GOIbm+snHrp3tVi5UgKypTCQ20qIQAN1H3034t4lvLi+/snC1JbcSkLuLhQnskmDCZB1hSdQCZUAIgmgNForML/hDFrRs3FrjD9y6gZlMvgqQ5GpSgKWoJMTAj1FWfhHjJu8w43xGXs0r7ZI1yqaTmUB4FMKHgoUBaKKyLhq3xPHEKvF4i7ZMFxSWmraQYTpqpKkkifvSSZ2EV7h7WI2mN2NpdX7lyypt9SFSUZx2TnddTJzKCkggqKtxB6Aa5RRRQBRRRQBRRRQBRRRQBRRXk0B7NeTXk15NAdV5Xk0UAjff4Tn8Cv5TWbf8ADx/lz3+rX/tMVP8AF+JYqla2bKwQ82tqEul5CClagQZSpQmNPzql8BYbjuFsrYRh7LiFudp332goKKUpOqXIIhI91Aa7iT5bZdcSAVIbWoA7EpSSAfCRWfsfSHlwRGIXrSHFuqW0lpAhDhzOJAIVmhOVBnfbbWKRx3EeInmFsow1hvtEKQpaX21KCVAg5ZdEK131ps99Hlw/gFvZLyt3TK1upSVApJUt05FKTIBKV7jmB40A4wtviFxlIYaw/D2iJQ3khSEnUdwBaQdZgga7gVF8BWTzPEl02++bh0WsrdIy5lKTbK0HICco8Ejbaptji3GwgNKwXM8BHadskNFW2YjaPALqDtOH8Xw6/wD7R7BN+6+0sPBtYQG1qIOUTqUjKmCBESNNDQHf0qYuzcuYS+y4ly2+trStQ9nMlbAIM+AV6VsZNZbhH0bLcwRNjcw2/wBop5BkKDTh0AUU6EFOhj73hXeG8Q45bIFu/hRuloGVLyHkpCwNApWigT4nKeoBoDniMj+9OHdfqq5/+N3H41p6zofI1jFxw7jYxFjFVW7b70KlhLraEMpylAbzKXqYUTpOs6mrjd43jPYtlGFNl1YcDifrDY7MgwgyVQZGsT7qAh/+Hn/LXf8AVr/2mKrPDOD3lzi2Km3vjaOJfXm7gWVoLrkCCRAGUe8VN/RrhuL4YkWqsPQtpy4C1u/WGv2aVBCFd0KJMBM7eFSPF3Ct4xf/ANq4UErdUnK+wsgBwaCRJAIISkkSDKQRJNALf3Oxj/31X/0J/wC6uPo/w20w/DbpRvEXdvncU6ttJygBCUKRAJJMfzDzpK84gxy7Q', '8/11/2017', 'Office Ladies', 'comedy podcast', 7.5);

INSERT INTO auditory_media(id, image_url, release_date, name,genre, rating)
VALUES(108, 'https://upload.wikimedia.org/wikipedia/en/5/55/Michael_Jackson_-_Thriller.png', '11/30/1982', 'Thriller', 'pop', 10);

INSERT INTO auditory_media (id, image_url, release_date, name,genre, rating)
VALUES(109,'https://upload.wikimedia.org/wikipedia/en/8/88/Jeff_Dunham_Arguing_With_Myself.jpg', '4/11/2006', 'Jeff Dunham: Arguing with Myself', 'comedy', 6);

INSERT INTO auditory_media (id, image_url, release_date, name,genre, rating)
VALUES(110, 'https://upload.wikimedia.org/wikipedia/en/4/4d/Queen_A_Night_At_The_Opera.png', '11/21/1975', 'A Night at the Opera', 'rock', 10);

INSERT INTO auditory_media (id, image_url, release_date, name,genre, rating)
VALUES(111, 'https://upload.wikimedia.org/wikipedia/en/e/ee/Conan_O%27Brien_Needs_a_Friend_podcast.jpg', '11/28/2018', 'Conan O Brien Needs a Friend', 'comedy podcast', 6);

INSERT INTO auditory_media (id, image_url, release_date, name,genre, rating)
VALUES(112, 'https://upload.wikimedia.org/wikipedia/en/2/25/LetItBe.jpg', '5/8/1970', 'Let It Be', 'rock', 9);

INSERT INTO auditory_media (id, image_url, release_date, name,genre, rating)
VALUES(113, 'https://images-na.ssl-images-amazon.com/images/I/91NF5q4m6AL._SL1500_.jpg', '4/7/2013', 'Aloha Fluffy', 'comedy', 9.5);

INSERT INTO auditory_media (id, image_url, release_date, name,genre, rating)
VALUES(114, 'https://upload.wikimedia.org/wikipedia/en/d/d5/Mecanodescanso_dominical.jpg', '8/28/1988', 'Descanso Dominical', 'pop', 8.5);

INSERT INTO auditory_media (id, image_url, release_date, name,genre, rating)
VALUES(115, 'https://i.shgcdn.com/56d9bdf2-56d2-4099-b98b-764da86148b2/-/format/auto/-/preview/3000x3000/-/quality/lighter/', '5/4/2019', 'The TryPod', 'podcast', 7.5);

INSERT INTO auditory_media (id, image_url, release_date, name,genre, rating)
VALUES(116, 'https://pbs.twimg.com/profile_images/1301545766461165569/yaTh5tTZ.jpg', '9/8/2020', 'CTF Radiooo', 'podcast', 7.3);

/* Comedy Special Table: */

INSERT INTO comedy_special (id, runtime, venue)
VALUES(102, 75, 'Broadhurst Theatre');

INSERT INTO comedy_special (id, runtime, venue)
VALUES(103, 64, 'Radio City Music Hall');

INSERT INTO comedy_special (id, runtime, venue)
VALUES(109, 76, 'Santa Anna Theatre');

INSERT INTO comedy_special (id, runtime, venue)
VALUES(113, 60,'Hawaii Theatre Center');

/* Album Table: */
INSERT INTO album(id, release_format)
VALUES (101, 'CD');

INSERT INTO album(id, release_format)
VALUES (104, 'digital');

INSERT INTO album(id, release_format)
VALUES (105, 'digital');

INSERT INTO album(id, release_format)
VALUES (106, 'digital');

INSERT INTO album(id, release_format)
VALUES(108, 'CD');

INSERT INTO album(id, release_format)
VALUES(110, 'Vinyl');

INSERT INTO album(id, release_format)
VALUES(112, 'Vinyl');

INSERT INTO album(id, release_format)
VALUES(114, 'Vinyl');


/* Song Table: */

INSERT INTO song(auditory_media_id, name, duration, view_count)
VALUES( 101, 'Natural', 189,  621539875);

INSERT INTO song(auditory_media_id, name, duration, view_count)
VALUES( 101, 'Boomerang', 188,  53977701);

INSERT INTO song(auditory_media_id, name, duration, view_count)
VALUES( 101, 'Machine', 182,  78769871);

INSERT INTO song(auditory_media_id, name, duration, view_count)
VALUES( 106, 'Thats What I like', 226,  1115782736);

INSERT INTO song(auditory_media_id, name, duration, view_count)
VALUES( 106, 'Chunky', 187,  198284225);

INSERT INTO song(auditory_media_id, name, duration, view_count)
VALUES( 104, 'Dynamite', 199,  259027195);

INSERT INTO song(auditory_media_id, name, duration, view_count)
VALUES( 108, 'Beat it', 378,  459385390);

INSERT INTO song(auditory_media_id, name, duration, view_count)
VALUES( 108, 'Billie Jean', 294,  742519652);

INSERT INTO song(auditory_media_id, name, duration, view_count)
VALUES( 108, 'Thriller', 357, 456276389);

INSERT INTO song(auditory_media_id, name, duration, view_count)
VALUES( 108, 'P.Y.T. (Pretty Young Thing)', 238, 1284596);

INSERT INTO song(auditory_media_id, name, duration, view_count)
VALUES( 105, 'Ocean Eyes', 200, 639047103);

INSERT INTO song(auditory_media_id, name, duration, view_count)
VALUES( 105, 'Bellyache', 179, 489127257);

INSERT INTO song(auditory_media_id, name, duration, view_count)
VALUES( 105, 'Watch', 176, 265400429);

INSERT INTO song(auditory_media_id, name, duration, view_count)
VALUES( 105, 'Copycat', 193, 294773489);

INSERT INTO song(auditory_media_id, name, duration, view_count)
VALUES( 105, 'Idontwannabeyouanymore', 204, 575068180);

INSERT INTO song(auditory_media_id, name, duration, view_count)
VALUES( 105, 'My Boy', 170, 315143707);

INSERT INTO song(auditory_media_id, name, duration, view_count)
VALUES( 105, 'Party Favor', 204, 156051931);

INSERT INTO song(auditory_media_id, name, duration, view_count)
VALUES( 110, 'Bohemian Rhapsody', 355, 1235434565);

INSERT INTO song(auditory_media_id, name, duration, view_count)
VALUES( 110, 'Youre My Best Friend', 172, 12457849);

INSERT INTO song(auditory_media_id, name, duration, view_count)
VALUES( 112, 'Get It Back', 194, 43112687);

INSERT INTO song(auditory_media_id, name, duration, view_count)
VALUES(112, 'Let It Be', 230, 6743829);

INSERT INTO song(auditory_media_id, name, duration, view_count)
VALUES ( 112, 'The Long and Winding Road', 220, 76328379);

INSERT INTO song(auditory_media_id, name, duration, view_count)
VALUES( 114, 'La Fuerza del Destino', 317, 703900);

INSERT INTO song(auditory_media_id, name, duration, view_count)
VALUES( 114, 'El Cine', 255, 342876);

/* Podcast Table: */

INSERT INTO podcast(id, end_year)
VALUES(107, 2020);

INSERT INTO podcast(id, end_year)
VALUES(111, 2020);

INSERT INTO podcast(id, end_year)
VALUES(115, 2020);

INSERT INTO podcast(id, end_year)
VALUES(116, NULL);

/* Episode Table: */
INSERT INTO episode(id, title, episode_number, duration, view_count)
VALUES(107,'The Pilo', 1, 3064, 93832);

INSERT INTO episode(id, title, episode_number, duration, view_count)
VALUES(107,'Diversity Day', 2, 2838, 67343);

INSERT INTO episode(id, title, episode_number, duration, view_count)
VALUES(107, 'Health Care with Rainn Wilson', 3, 3245, 84342);

INSERT INTO episode(id, title, episode_number, duration, view_count)
VALUES(111, 'Guest: Will Ferrell', 1, 267, 146524);

INSERT INTO episode(id, title, episode_number, duration, view_count)
VALUES(111, 'Guest: Kristen Bell', 2, 358, 256244);

INSERT INTO episode(id, title, episode_number, duration, view_count)
VALUES(111, 'Guest: Adam Sandler', 9, 3033, 98547);

INSERT INTO episode(id, title, episode_number, duration, view_count)
VALUES(115, 'Sex Tapes & First Dates', 1, 3400, 87665);

INSERT INTO episode(id, title, episode_number, duration, view_count)
VALUES(116, 'What is Capture the Flag (CTF)?', 1, 2320, 1337);

INSERT INTO episode(id, title, episode_number, duration, view_count)
VALUES(116, 'How to get into Capture the Flag (CTF)?', 2, 3230, 13337);

INSERT INTO episode(id, title, episode_number, duration, view_count)
VALUES(116, 'nooode DEF CON 28 CTF Challenge w/ Guest kaptain', 3, 2752, 133337);

INSERT INTO episode(id, title, episode_number, duration, view_count)
VALUES(116, 'Founding of OOO and gameboooy DEF CON 28 CTF Challenge w/ Guest Jeff', 4, 3467, 1333337);

INSERT INTO episode(id, title, episode_number, duration, view_count)
VALUES(116, 'ropshipai with anton00b and Jay, Corwin, and Matt from PPP', 5, 5153, 13333337); 

/* Publisher Table: */
INSERT INTO publishes (auditory_media_id, publisher_id)
VALUES(101,301);

INSERT INTO publishes (auditory_media_id, publisher_id)
VALUES(108,302);

INSERT INTO publishes (auditory_media_id, publisher_id)
VALUES(110, 303);

INSERT INTO publishes (auditory_media_id, publisher_id)
VALUES(112, 304);

INSERT INTO publishes (auditory_media_id, publisher_id)
VALUES(104, 305);

INSERT INTO publishes (auditory_media_id, publisher_id)
VALUES(102, 306);

INSERT INTO publishes (auditory_media_id, publisher_id)
VALUES(103, 306);

INSERT INTO publishes (auditory_media_id, publisher_id)
VALUES(105, 306);

INSERT INTO publishes (auditory_media_id, publisher_id)
VALUES(106, 306);

INSERT INTO publishes (auditory_media_id, publisher_id)
VALUES(107, 306);

INSERT INTO publishes (auditory_media_id, publisher_id)
VALUES(109, 306);

INSERT INTO publishes (auditory_media_id, publisher_id)
VALUES(111, 306);

INSERT INTO publishes (auditory_media_id, publisher_id)
VALUES(113, 306);

INSERT INTO publishes (auditory_media_id, publisher_id)
VALUES(114, 306);

INSERT INTO publishes (auditory_media_id, publisher_id)
VALUES(115, 306);

INSERT INTO publishes (auditory_media_id, publisher_id)
VALUES(116, 306);

/* Playlist Table: */
INSERT INTO playlist(id, name, owner)
VALUES(701,'Pop PLAYLIST', 'Danial');

INSERT INTO playlist(id, name, owner)
VALUES(702,'KPOP PLAYLIST', 'Luis');

INSERT INTO playlist(id, name, owner)
VALUES(703, 'COMEDY PLAYLIST', 'Bailey');

INSERT INTO playlist(id, name, owner)
VALUES(704, 'ROCK PLAYLIST', 'Momen');

INSERT INTO playlist (id, name, owner)
VALUES(705, 'OLDIES PLAYLIST', 'Sophia');

INSERT INTO playlist (id, name, owner)
VALUES(706, 'MODERN PLAYLIST', 'Jacob');

INSERT INTO playlist (id, name, owner)
VALUES( 707, 'FAMOUS PEOPLE TALKING', 'Timestamps');

INSERT INTO playlist (id, name, owner)
VALUES (708, 'CYBER NERD TALK', 'DJ Huang');

/* Organization Table: */

INSERT INTO organization(id, name)
VALUES(501, 'ECHO Awards');

INSERT INTO organization(id, name)
VALUES(502, 'Recording Academy');

INSERT INTO organization(id, name)
VALUES(503, 'Guiness');

/* Award Table: */
INSERT INTO award(organization_id, name, year)
VALUES(501, 'International Band of the Year', 2018);

INSERT INTO award(organization_id, name, year)
VALUES(502, 'Album of the Year', 2018);

INSERT INTO award(organization_id, name, year)
VALUES(503, 'Best Selling Album of All Time', 1984);

/* Person Table: */

INSERT INTO person(id, country, name, date_of_birth, date_of_death)
VALUES(201, 'United States', 'Taylor Swift', '12/13/1989', NULL);

INSERT INTO person(id, country, name, date_of_birth, date_of_death)
VALUES(202, 'United States', 'Jerry Seinfeld', '4/29/1954',  NULL);

INSERT INTO person(id, country, name, date_of_birth, date_of_death)
VALUES( 203, 'South Korea', 'RM', '9/12/1994', NULL);

INSERT INTO person(id, country, name, date_of_birth, date_of_death)
VALUES( 204, 'South Korea' , 'V', '12/30/1995', NULL);

INSERT INTO person(id, country, name, date_of_birth, date_of_death)
VALUES(205, 'South Korea', 'J-Hope', '2/18/1994', NULL);

INSERT INTO person(id, country, name, date_of_birth, date_of_death)
VALUES (206, 'South Korea', 'Jin', '12/4/1992', NULL);

INSERT INTO person(id, country, name, date_of_birth, date_of_death)
VALUES(207, 'South Korea', 'Jimin', '10/13/1995', NULL);

INSERT INTO person(id, country, name, date_of_birth, date_of_death)
VALUES(208, 'South Korea', 'Jungkook', '9/1/1997', NULL);

INSERT INTO person(id, country, name, date_of_birth, date_of_death)
VALUES(209, 'South Korea', 'Suga', '3/9/1993', NULL);

INSERT INTO person(id, country, name, date_of_birth, date_of_death)
VALUES(210, 'United States', 'Dan Reynolds', '7/14/1987', NULL);

INSERT INTO person(id, country, name, date_of_birth, date_of_death)
VALUES(211, 'United States', 'Wayne Sermon', '6/15/1984', NULL);

INSERT INTO person(id, country, name, date_of_birth, date_of_death)
VALUES(212, 'United States', 'Ben McKee', '4/7/1985', NULL);

INSERT INTO person(id, country, name, date_of_birth, date_of_death)
VALUES(213, 'United States', 'Daniel Platzman', '9/28/1986', NULL);

INSERT INTO person(id, country, name, date_of_birth, date_of_death)
VALUES(214, 'United States', 'John Mulaney', '8/26/1982', NULL);

INSERT INTO person(id, country, name, date_of_birth, date_of_death)
VALUES(215, 'United States', 'Bruno Mars', '8/8/1985', NULL);

INSERT INTO person(id, country, name, date_of_birth, date_of_death)
VALUES(216, 'United States', 'Angela Kinsey', '6/25/1971', NULL);

INSERT INTO person(id, country, name, date_of_birth, date_of_death)
VALUES(217, 'United States', 'Jenna Fischer', '3/7/1974', NULL);

INSERT INTO person(id, country, name, date_of_birth, date_of_death)
VALUES(218, 'United States', 'Rainn Wilson', '1/20/1966', NULL);

INSERT INTO person(id, country, name, date_of_birth, date_of_death)
VALUES(219, 'United States', 'Michael Jackson', '8/29/1958', '6/25/2009');

INSERT INTO person(id, country, name, date_of_birth, date_of_death)
VALUES(220, 'England', 'John Lennon', '10/9/1940', '12/8/1980');

INSERT INTO person(id, country, name, date_of_birth, date_of_death)
VALUES(221, 'England', 'Paul McCartney', '6/18/1942', NULL);

INSERT INTO person(id, country, name, date_of_birth, date_of_death)
VALUES(222, 'England', 'George Harrison', '2/15/1943', '11/29/2001');

INSERT INTO person(id, country, name, date_of_birth, date_of_death)
VALUES(223, 'England', 'Ringo Star', '7/7/1940', NULL);

INSERT INTO person(id, country, name, date_of_birth, date_of_death)
VALUES(224, 'England', 'Freddie Mercury', '9/5/1946', '11/24/1991');

INSERT INTO person(id, country, name, date_of_birth, date_of_death)
VALUES(225, 'United States', 'Jeff Dunham', '4/18/1962', NULL);

INSERT INTO person(id, country, name, date_of_birth, date_of_death)
VALUES(226, 'United States', 'Conan O Brien', '4/18/1963', NULL);

INSERT INTO person(id, country, name, date_of_birth, date_of_death)
VALUES(227, 'United States', 'Will Ferrell', '7/16/1967', NULL);

INSERT INTO person(id, country, name, date_of_birth, date_of_death)
VALUES(228, 'United States', 'Kristen Bell', '7/18/1980', NULL);

INSERT INTO person(id, country, name, date_of_birth, date_of_death)
VALUES(229, 'United States', 'Gabriel Iglesias', '7/15/1976', NULL);

INSERT INTO person(id, country, name, date_of_birth, date_of_death)
VALUES(230, 'United States', 'Adam Sandler', '9/9/1966', NULL);

INSERT INTO person(id, country, name, date_of_birth, date_of_death)
VALUES(231, 'United States', 'Billie Eilish', '12/18/2001', NULL);

INSERT INTO person(id, country, name, date_of_birth, date_of_death)
VALUES(232, 'Spain', 'Ana Torroja', '12/28/1959', NULL);

INSERT INTO person(id, country, name, date_of_birth, date_of_death)
VALUES(233, 'United States', 'Eugene Lee Yang', '1/18/1986', NULL);

INSERT INTO person(id, country, name, date_of_birth, date_of_death)
VALUES(234, 'United States', 'Adam Doupe', '11/11/1980', NULL);

INSERT INTO person(id, country, name, date_of_birth, date_of_death)
VALUES(235, 'United States', 'Yan Shoshitaishvili', '01/31/1981', NULL);

INSERT INTO person(id, country, name, date_of_birth, date_of_death)
VALUES(236, 'United States', 'kaptain', '01/13/1982', NULL);

/* Won Table: */
INSERT INTO won(award_name, award_year, organization_id, auditory_media_id)
VALUES('International Band of the Year', 2018, 501, 101);

INSERT INTO won(award_name, award_year, organization_id, auditory_media_id)
VALUES('Album of the Year', 2018, 502, 106);

INSERT INTO won(award_name, award_year, organization_id, auditory_media_id)
VALUES('Best Selling Album of All Time', 1984, 503, 108);


/* Produces Table */
INSERT INTO produces (auditory_media_id, person_id)
VALUES (102, 202);

INSERT INTO produces (auditory_media_id, person_id)
VALUES (104, 203);

INSERT INTO produces (auditory_media_id, person_id)
VALUES (103, 214);

INSERT INTO produces (auditory_media_id, person_id)
VALUES (104, 204);

INSERT INTO produces (auditory_media_id, person_id)
VALUES (104, 205);

INSERT INTO produces (auditory_media_id, person_id)
VALUES (104, 206);

INSERT INTO produces (auditory_media_id, person_id)
VALUES (104, 207);

INSERT INTO produces (auditory_media_id, person_id)
VALUES (104, 208);

INSERT INTO produces (auditory_media_id, person_id)
VALUES (104, 209);

INSERT INTO produces (auditory_media_id, person_id)
VALUES (101, 210);

INSERT INTO produces (auditory_media_id, person_id)
VALUES (101, 211);

INSERT INTO produces (auditory_media_id, person_id)
VALUES (101, 212);

INSERT INTO produces (auditory_media_id, person_id)
VALUES (101, 213);

INSERT INTO produces (auditory_media_id, person_id)
VALUES(107,216);

INSERT INTO produces (auditory_media_id, person_id)
VALUES(107,217);

INSERT INTO produces (auditory_media_id, person_id)
VALUES(108,219);

INSERT INTO produces (auditory_media_id, person_id)
VALUES(109,225);

INSERT INTO produces (auditory_media_id, person_id)
VALUES(111,226);

INSERT INTO produces (auditory_media_id, person_id)
VALUES(105, 231);

INSERT INTO produces (auditory_media_id, person_id)
VALUES(113, 229);

INSERT INTO produces (auditory_media_id, person_id)
VALUES(112, 220);

INSERT INTO produces (auditory_media_id, person_id)
VALUES(112, 221);

INSERT INTO produces (auditory_media_id, person_id)
VALUES(112, 222);

INSERT INTO produces (auditory_media_id, person_id)
VALUES(112, 223);

INSERT INTO produces (auditory_media_id, person_id)
VALUES(110, 224);

INSERT INTO produces (auditory_media_id, person_id)
VALUES(114, 232);

INSERT INTO produces (auditory_media_id, person_id)
VALUES(115, 233);

INSERT INTO produces (auditory_media_id, person_id)
VALUES(116, 234);

INSERT INTO produces (auditory_media_id, person_id)
VALUES(116, 235);

/*Publishes Table:*/

INSERT INTO publishes (auditory_media_id, publisher_id)
VALUES(101,301);

INSERT INTO publishes (auditory_media_id, publisher_id)
VALUES(108,302);

INSERT INTO publishes (auditory_media_id, publisher_id)
VALUES(110, 303);

INSERT INTO publishes (auditory_media_id, publisher_id)
VALUES(112, 304);

INSERT INTO publishes (auditory_media_id, publisher_id)
VALUES(104, 305);

/* Member Of Table: */
INSERT INTO member_of_song (name, auditory_media_id, playlist_id)
VALUES('Natural',101, 701);

INSERT INTO member_of_song (name, auditory_media_id, playlist_id)
VALUES('Boomerang', 101, 701);

INSERT INTO member_of_song (name, auditory_media_id, playlist_id)
VALUES('Machine', 101, 701);

INSERT INTO member_of_song (name, auditory_media_id, playlist_id)
VALUES('Thats What I like', 106, 701);

INSERT INTO member_of_song (name, auditory_media_id, playlist_id)
VALUES('Dynamite', 104, 702);

INSERT INTO member_of_song (name, auditory_media_id, playlist_id)
VALUES('Bohemian Rhapsody', 110, 704);

INSERT INTO member_of_song (name, auditory_media_id, playlist_id)
VALUES('Youre My Best Friend', 110, 704);

INSERT INTO member_of_song (name, auditory_media_id, playlist_id)
VALUES('Bohemian Rhapsody', 110, 705);

INSERT INTO member_of_song (name, auditory_media_id, playlist_id)
VALUES('Youre My Best Friend', 110, 705);

INSERT INTO member_of_song (name, auditory_media_id, playlist_id)
VALUES('Get It Back', 112, 705);

INSERT INTO member_of_song (name, auditory_media_id, playlist_id)
VALUES('Let It Be', 112, 705);

INSERT INTO member_of_song (name, auditory_media_id, playlist_id)
VALUES('Thats What I like', 106, 706);

INSERT INTO member_of_song (name, auditory_media_id, playlist_id)
VALUES('Chunky', 106, 706);


/*Member of Episode Playlist */

INSERT INTO member_of_episode(episode_number, name, auditory_media_id, playlist_id)
VALUES(2, 'Guest: Kristen Bell', 111, 707);

INSERT INTO member_of_episode(episode_number, name, auditory_media_id, playlist_id)
VALUES(1, 'Guest: Will Ferrell', 111, 707);

INSERT INTO member_of_episode(episode_number, name, auditory_media_id, playlist_id)
VALUES(4,'Founding of OOO and gameboooy DEF CON 28 CTF Challenge w/ Guest Jeff', 116, 708);

INSERT INTO member_of_episode(episode_number, name, auditory_media_id, playlist_id)
VALUES(3,'nooode DEF CON 28 CTF Challenge w/ Guest kaptain', 116, 708);

INSERT INTO member_of_episode(episode_number, name, auditory_media_id, playlist_id)
VALUES(1,'What is Capture the Flag (CTF)?', 116, 708);


/*Member of Comedy Playlist*/
INSERT INTO member_of_comedy(auditory_media_id, playlist_id)
VALUES(102, 703);

INSERT INTO member_of_comedy(auditory_media_id, playlist_id)
VALUES(103, 703);

INSERT INTO member_of_comedy(auditory_media_id, playlist_id)
VALUES(109, 703);

INSERT INTO member_of_comedy(auditory_media_id, playlist_id)
VALUES(113, 703);


/* Guest Appearance Table: */
INSERT INTO guest_appearance (person_id, episode_number, title, podcast_id)
VALUES(218, 3, 'Health Care with Rainn Wilson',107);

INSERT INTO guest_appearance (person_id, episode_number, title, podcast_id)
VALUES(227, 1, 'Guest: Will Ferrell',111);

INSERT INTO guest_appearance (person_id, episode_number, title, podcast_id)
VALUES(228, 2, 'Guest: Kristen Bell',111) ;

INSERT INTO guest_appearance (person_id, episode_number, title, podcast_id)
VALUES(230, 9, 'Guest: Adam Sandler',111) ;

INSERT INTO guest_appearance (person_id, episode_number, title, podcast_id)
VALUES(236, 3, 'nooode DEF CON 28 CTF Challenge w/ Guest kaptain',116) ;